"url","localPath","bytes","status"
"https://www.callidus-am.de/wp-content/uploads/go-x/u/bdfcc883-6576-4ab2-951d-c90c6ccf47d3/image-911x911.png","source/assets/original/001-wp-content-uploads-go-x-u-bdfcc883-6576-4ab2-951d-c90c6ccf47d3-image-911x911.png","1051736","ok"
"https://www.callidus-am.de/wp-content/uploads/go-x/u/88538fee-5de5-4ac9-b827-2e19ee0e8e23/l254,t723,w1493,h1277/image-768x657.png","source/assets/original/002-wp-content-uploads-go-x-u-88538fee-5de5-4ac9-b827-2e19ee0e8e23-l254-t723-w1493-h1277-image-768x657.png","575412","ok"
"https://www.callidus-am.de/wp-content/uploads/go-x/u/a431c967-733b-4ea4-a73d-16b9189a927c/l0,t255,w2000,h1727/image-768x663.png","source/assets/original/003-wp-content-uploads-go-x-u-a431c967-733b-4ea4-a73d-16b9189a927c-l0-t255-w2000-h1727-image-768x663.png","809221","ok"
"https://www.callidus-am.de/wp-content/uploads/go-x/u/629bfa1e-edbd-4420-a4aa-b7a8c089c9f8/l19,t137,w1781,h1557/image-768x671.png","source/assets/original/004-wp-content-uploads-go-x-u-629bfa1e-edbd-4420-a4aa-b7a8c089c9f8-l19-t137-w1781-h1557-image-768x671.png","786767","ok"
"https://www.callidus-am.de/wp-content/uploads/go-x/u/5646fff2-d8b7-4963-8b00-3f5b6f93eda8/l0,t253,w2000,h1747/image-768x671.png","source/assets/original/005-wp-content-uploads-go-x-u-5646fff2-d8b7-4963-8b00-3f5b6f93eda8-l0-t253-w2000-h1747-image-768x671.png","874770","ok"
"https://www.callidus-am.de/wp-content/uploads/go-x/u/f0b406a7-c356-4935-99d5-4fa5a26d9ff4/l86,t0,w1000,h1000/image-768x768.png","source/assets/original/006-wp-content-uploads-go-x-u-f0b406a7-c356-4935-99d5-4fa5a26d9ff4-l86-t0-w1000-h1000-image-768x768.png","294708","ok"
"https://www.callidus-am.de/wp-content/uploads/go-x/u/e317139a-f0ba-4421-9b13-212efcb458f4/l0,t0,w2000,h2000/image-1366x1366.png","source/assets/original/007-wp-content-uploads-go-x-u-e317139a-f0ba-4421-9b13-212efcb458f4-l0-t0-w2000-h2000-image-1366x1366.png","197275","ok"
"https://www.callidus-am.de/wp-content/uploads/go-x/u/c1adcf35-ea49-45ca-bc50-24ecf20a73d7/l0,t0,w2000,h2000/image-1366x1366.png","source/assets/original/008-wp-content-uploads-go-x-u-c1adcf35-ea49-45ca-bc50-24ecf20a73d7-l0-t0-w2000-h2000-image-1366x1366.png","3020823","ok"
"https://www.callidus-am.de/wp-content/uploads/go-x/u/91fbdb7b-11dc-4f0c-9371-0c9ba99cc5c5/l0,t126,w810,h1080/image.png","source/assets/original/009-wp-content-uploads-go-x-u-91fbdb7b-11dc-4f0c-9371-0c9ba99cc5c5-l0-t126-w810-h1080-image.png","1169738","ok"
"https://www.callidus-am.de/wp-content/uploads/go-x/u/37ad76cb-ed13-4591-a032-d5adf7e3fdaf/l0,t0,w2000,h2000/image-1366x1366.jpg","source/assets/original/010-wp-content-uploads-go-x-u-37ad76cb-ed13-4591-a032-d5adf7e3fdaf-l0-t0-w2000-h2000-image-1366x1366.jpg","266580","ok"
"https://www.callidus-am.de/wp-content/uploads/go-x/u/2bc7784f-598f-4087-a51e-76e83819c684/l153,t43,w1810,h1810/image-1366x1366.png","source/assets/original/011-wp-content-uploads-go-x-u-2bc7784f-598f-4087-a51e-76e83819c684-l153-t43-w1810-h1810-image-1366x1366.png","2820264","ok"
"https://www.callidus-am.de/wp-content/uploads/go-x/u/1f8698ec-35a2-48ca-b4fc-bea569579d0e/l149,t63,w1062,h903/image.png","source/assets/original/012-wp-content-uploads-go-x-u-1f8698ec-35a2-48ca-b4fc-bea569579d0e-l149-t63-w1062-h903-image.png","1321969","ok"
"https://www.callidus-am.de/wp-content/uploads/go-x/u/399a3755-a79c-4a61-9ece-79a6b164d473/l23,t0,w1873,h1873/image-1366x1366.png","source/assets/original/013-wp-content-uploads-go-x-u-399a3755-a79c-4a61-9ece-79a6b164d473-l23-t0-w1873-h1873-image-1366x1366.png","2151823","ok"
"https://www.callidus-am.de/wp-content/uploads/go-x/u/bb983e34-3a22-4bf6-8483-5cd40f059364/l0,t77,w1024,h871/image.png","source/assets/original/014-wp-content-uploads-go-x-u-bb983e34-3a22-4bf6-8483-5cd40f059364-l0-t77-w1024-h871-image.png","1381299","ok"
"https://www.callidus-am.de/wp-content/uploads/go-x/u/bb3fc7da-fd68-4a55-ba00-4ca401fb605b/l137,t137,w1726,h1726/image-1366x1366.png","source/assets/original/015-wp-content-uploads-go-x-u-bb3fc7da-fd68-4a55-ba00-4ca401fb605b-l137-t137-w1726-h1726-image-1366x1366.png","2297783","ok"
"https://www.callidus-am.de/wp-content/uploads/go-x/u/29bed86e-73f5-4300-877f-c8910c4d3c30/l0,t107,w1280,h1089/image.jpg","source/assets/original/016-wp-content-uploads-go-x-u-29bed86e-73f5-4300-877f-c8910c4d3c30-l0-t107-w1280-h1089-image.jpg","82756","ok"
"https://www.callidus-am.de/wp-content/uploads/go-x/u/7c721296-6245-45cb-9460-ddda78139803/l0,t96,w1280,h1089/image.jpg","source/assets/original/017-wp-content-uploads-go-x-u-7c721296-6245-45cb-9460-ddda78139803-l0-t96-w1280-h1089-image.jpg","157627","ok"
"https://www.callidus-am.de/wp-content/uploads/go-x/u/e86f1034-ab13-4d60-8d7f-05a924f85e91/l0,t88,w2000,h1701/image-1366x1162.png","source/assets/original/018-wp-content-uploads-go-x-u-e86f1034-ab13-4d60-8d7f-05a924f85e91-l0-t88-w2000-h1701-image-1366x1162.png","2646687","ok"
"https://www.callidus-am.de/wp-content/uploads/go-x/u/30a679e9-7773-4071-b2ba-15e8b36a1008/l0,t77,w1024,h871/image.png","source/assets/original/019-wp-content-uploads-go-x-u-30a679e9-7773-4071-b2ba-15e8b36a1008-l0-t77-w1024-h871-image.png","1017496","ok"
"https://www.callidus-am.de/wp-content/uploads/go-x/u/6ef7efa2-d0e7-4bc1-8244-1ba092bdbdaf/l149,t15,w1848,h1848/image-1366x1366.png","source/assets/original/020-wp-content-uploads-go-x-u-6ef7efa2-d0e7-4bc1-8244-1ba092bdbdaf-l149-t15-w1848-h1848-image-1366x1366.png","2610356","ok"
"https://www.callidus-am.de/wp-content/uploads/go-x/u/3ac31ce1-9897-4528-a93e-a5eada54787e/l0,t96,w1280,h1089/image.jpg","source/assets/original/021-wp-content-uploads-go-x-u-3ac31ce1-9897-4528-a93e-a5eada54787e-l0-t96-w1280-h1089-image.jpg","139035","ok"
"https://www.callidus-am.de/wp-content/uploads/go-x/u/eaa504fa-fb03-4355-809a-28615515ed12/l180,t23,w1818,h1818/image-1366x1366.png","source/assets/original/022-wp-content-uploads-go-x-u-eaa504fa-fb03-4355-809a-28615515ed12-l180-t23-w1818-h1818-image-1366x1366.png","2362760","ok"
"https://www.callidus-am.de/wp-content/uploads/go-x/u/9d0d841d-1b3a-4738-bd7d-cc88ca715a7f/l0,t96,w1280,h1089/image.jpg","source/assets/original/023-wp-content-uploads-go-x-u-9d0d841d-1b3a-4738-bd7d-cc88ca715a7f-l0-t96-w1280-h1089-image.jpg","109136","ok"
"https://www.callidus-am.de/wp-content/uploads/go-x/u/16755d43-e1d9-4dc8-9e33-06c98e5a12e0/l137,t20,w1855,h1855/image-1366x1366.png","source/assets/original/024-wp-content-uploads-go-x-u-16755d43-e1d9-4dc8-9e33-06c98e5a12e0-l137-t20-w1855-h1855-image-1366x1366.png","3292009","ok"
"https://www.callidus-am.de/wp-content/uploads/go-x/u/f09322c5-cefc-4717-a203-bbd26892545f/l0,t96,w1280,h1089/image.jpg","source/assets/original/025-wp-content-uploads-go-x-u-f09322c5-cefc-4717-a203-bbd26892545f-l0-t96-w1280-h1089-image.jpg","125503","ok"
"https://www.callidus-am.de/wp-content/uploads/go-x/u/181fae69-b926-4ae9-8306-50c4b429368d/l52,t0,w953,h953/image.png","source/assets/original/026-wp-content-uploads-go-x-u-181fae69-b926-4ae9-8306-50c4b429368d-l52-t0-w953-h953-image.png","1657947","ok"
"https://www.callidus-am.de/wp-content/uploads/go-x/u/60bcdf4d-daa9-4e60-88c9-10db805bbb2d/l0,t105,w2000,h1701/image-1366x1162.png","source/assets/original/027-wp-content-uploads-go-x-u-60bcdf4d-daa9-4e60-88c9-10db805bbb2d-l0-t105-w2000-h1701-image-1366x1162.png","2291490","ok"
"https://www.callidus-am.de/wp-content/uploads/go-x/u/bdfcc883-6576-4ab2-951d-c90c6ccf47d3/l141,t141,w743,h743/image.png","source/assets/original/028-wp-content-uploads-go-x-u-bdfcc883-6576-4ab2-951d-c90c6ccf47d3-l141-t141-w743-h743-image.png","781932","ok"
"https://www.callidus-am.de/wp-content/uploads/go-x/u/43aa046e-8d9d-4ab5-8d9d-b9939401c70e/l0,t0,w2000,h2000/image-1366x1366.png","source/assets/original/029-wp-content-uploads-go-x-u-43aa046e-8d9d-4ab5-8d9d-b9939401c70e-l0-t0-w2000-h2000-image-1366x1366.png","657076","ok"
"https://www.callidus-am.de/wp-content/uploads/go-x/u/89d3d741-a63b-406b-a7f6-052972f7980f/l57,t2,w1840,h1840/image-1366x1366.png","source/assets/original/030-wp-content-uploads-go-x-u-89d3d741-a63b-406b-a7f6-052972f7980f-l57-t2-w1840-h1840-image-1366x1366.png","2305584","ok"
"https://www.callidus-am.de/wp-content/uploads/go-x/u/c69eb68e-5c3a-42c6-95d8-db5d309bcf43/l14,t167,w1825,h1825/image-1366x1366.png","source/assets/original/031-wp-content-uploads-go-x-u-c69eb68e-5c3a-42c6-95d8-db5d309bcf43-l14-t167-w1825-h1825-image-1366x1366.png","2216559","ok"
"https://www.callidus-am.de/wp-content/uploads/go-x/u/2f7f5a63-da65-491e-a24e-196b0a8c0525/l0,t0,w1889,h1889/image-1366x1366.png","source/assets/original/032-wp-content-uploads-go-x-u-2f7f5a63-da65-491e-a24e-196b0a8c0525-l0-t0-w1889-h1889-image-1366x1366.png","2401031","ok"
"https://www.callidus-am.de/wp-content/uploads/go-x/u/fb764c60-34ec-4bb1-a526-15a9f61f1180/l0,t82,w543,h501/image.jpg","source/assets/original/033-wp-content-uploads-go-x-u-fb764c60-34ec-4bb1-a526-15a9f61f1180-l0-t82-w543-h501-image.jpg","33305","ok"
"https://www.callidus-am.de/wp-content/uploads/go-x/u/video-placeholder.png/image-768x768.png","source/assets/original/034-wp-content-uploads-go-x-u-video-placeholder.png-image-768x768.png","18254","ok"
"https://www.callidus-am.de/wp-content/uploads/go-x/u/218940fa-b27e-4c33-933a-63e3e7de4b50/l0,t354,w1280,h742/image.jpg","source/assets/original/035-wp-content-uploads-go-x-u-218940fa-b27e-4c33-933a-63e3e7de4b50-l0-t354-w1280-h742-image.jpg","118280","ok"
"https://www.callidus-am.de/wp-content/uploads/go-x/u/63e95552-976a-409b-8f4a-0cf5883343b8/l0,t45,w2000,h1764/image-1366x1205.png","source/assets/original/036-wp-content-uploads-go-x-u-63e95552-976a-409b-8f4a-0cf5883343b8-l0-t45-w2000-h1764-image-1366x1205.png","2246731","ok"
"https://www.callidus-am.de/wp-content/uploads/go-x/u/58cbb558-ad07-44b1-be0e-62397a7521a7/l70,t45,w1820,h1820/image-768x768.png","source/assets/original/037-wp-content-uploads-go-x-u-58cbb558-ad07-44b1-be0e-62397a7521a7-l70-t45-w1820-h1820-image-768x768.png","1028840","ok"
"https://www.callidus-am.de/wp-content/uploads/go-x/u/45c8cdab-dd0c-4bd4-95eb-12c4c1c54778/l135,t0,w1080,h1080/image.jpg","source/assets/original/038-wp-content-uploads-go-x-u-45c8cdab-dd0c-4bd4-95eb-12c4c1c54778-l135-t0-w1080-h1080-image.jpg","249486","ok"
"https://www.callidus-am.de/wp-content/uploads/go-x/u/82a627dc-591f-4d16-99b8-b6d4cb3292cd/l17,t17,w456,h456/image.png","source/assets/original/039-wp-content-uploads-go-x-u-82a627dc-591f-4d16-99b8-b6d4cb3292cd-l17-t17-w456-h456-image.png","7559","ok"
"https://www.callidus-am.de/wp-content/uploads/go-x/u/6a038b9d-998f-41c0-a8d4-cfe08e823eda/l119,t0,w1855,h1855/image-1366x1366.png","source/assets/original/040-wp-content-uploads-go-x-u-6a038b9d-998f-41c0-a8d4-cfe08e823eda-l119-t0-w1855-h1855-image-1366x1366.png","2423405","ok"
"https://www.callidus-am.de/wp-content/uploads/go-x/u/e765d0d3-76dd-4fe2-b53c-3e8c1ee19bc9/l0,t0,w2000,h2000/image-768x768.png","source/assets/original/041-wp-content-uploads-go-x-u-e765d0d3-76dd-4fe2-b53c-3e8c1ee19bc9-l0-t0-w2000-h2000-image-768x768.png","1177354","ok"
"https://www.callidus-am.de/wp-content/uploads/go-x/u/b27a31a4-e053-4b01-bf8e-2f56a5e7f87e/l334,t0,w1024,h1024/image-768x768.png","source/assets/original/042-wp-content-uploads-go-x-u-b27a31a4-e053-4b01-bf8e-2f56a5e7f87e-l334-t0-w1024-h1024-image-768x768.png","961336","ok"
"https://www.callidus-am.de/wp-content/uploads/go-x/u/e898d39e-cba1-48f9-9edb-e8f9442dbed6/l0,t0,w1910,h1910/image-768x768.png","source/assets/original/043-wp-content-uploads-go-x-u-e898d39e-cba1-48f9-9edb-e8f9442dbed6-l0-t0-w1910-h1910-image-768x768.png","814847","ok"
"https://www.callidus-am.de/wp-content/uploads/go-x/u/b8c8cb3c-c11b-4460-b28e-3307e9712aa2/l241,t101,w1759,h1759/image-768x768.png","source/assets/original/044-wp-content-uploads-go-x-u-b8c8cb3c-c11b-4460-b28e-3307e9712aa2-l241-t101-w1759-h1759-image-768x768.png","731711","ok"
"https://www.callidus-am.de/wp-content/uploads/go-x/u/1b642890-9ccf-4369-be6c-4dd7cb573abf/l430,t299,w1384,h1384/image-1366x1366.png","source/assets/original/045-wp-content-uploads-go-x-u-1b642890-9ccf-4369-be6c-4dd7cb573abf-l430-t299-w1384-h1384-image-1366x1366.png","2488503","ok"
"https://www.callidus-am.de/wp-content/uploads/go-x/u/f9c954d9-e59f-4c14-8acb-96871bb2c587/l54,t54,w1172,h1172/image-768x768.jpg","source/assets/original/046-wp-content-uploads-go-x-u-f9c954d9-e59f-4c14-8acb-96871bb2c587-l54-t54-w1172-h1172-image-768x768.jpg","52166","ok"
"https://www.callidus-am.de/wp-content/uploads/go-x/u/d605d663-1b74-4467-9809-873574a70b96/l4,t45,w1145,h1145/image-768x768.jpg","source/assets/original/047-wp-content-uploads-go-x-u-d605d663-1b74-4467-9809-873574a70b96-l4-t45-w1145-h1145-image-768x768.jpg","72472","ok"
"https://www.callidus-am.de/wp-content/uploads/go-x/u/7d773992-84ce-4889-8aff-525de7d7cfcf/l54,t54,w1172,h1172/image-768x768.jpg","source/assets/original/048-wp-content-uploads-go-x-u-7d773992-84ce-4889-8aff-525de7d7cfcf-l54-t54-w1172-h1172-image-768x768.jpg","44845","ok"
"https://www.callidus-am.de/wp-content/uploads/go-x/u/c4ff602d-1570-476d-817d-c493b304843b/l66,t66,w1148,h1148/image.jpg","source/assets/original/049-wp-content-uploads-go-x-u-c4ff602d-1570-476d-817d-c493b304843b-l66-t66-w1148-h1148-image.jpg","148755","ok"
"https://www.callidus-am.de/wp-content/uploads/go-x/u/2b61ad9e-e8dd-43dc-8ac7-303df31cc9b7/l0,t33,w1910,h1843/image-768x741.png","source/assets/original/050-wp-content-uploads-go-x-u-2b61ad9e-e8dd-43dc-8ac7-303df31cc9b7-l0-t33-w1910-h1843-image-768x741.png","909911","ok"
"https://www.callidus-am.de/wp-content/uploads/go-x/u/e7cd8739-d093-45ed-a998-3d67511f29fb/l68,t0,w1871,h1798/image-768x738.png","source/assets/original/051-wp-content-uploads-go-x-u-e7cd8739-d093-45ed-a998-3d67511f29fb-l68-t0-w1871-h1798-image-768x738.png","756787","ok"
"https://www.callidus-am.de/wp-content/uploads/go-x/u/3a68214e-0c37-43c9-96cc-b50a52745b53/l25,t6,w1910,h1841/image-768x740.png","source/assets/original/052-wp-content-uploads-go-x-u-3a68214e-0c37-43c9-96cc-b50a52745b53-l25-t6-w1910-h1841-image-768x740.png","989257","ok"
"https://www.callidus-am.de/wp-content/uploads/go-x/u/c7055737-14c7-49ff-8766-134271fd56de/l0,t55,w1280,h1170/image.jpg","source/assets/original/053-wp-content-uploads-go-x-u-c7055737-14c7-49ff-8766-134271fd56de-l0-t55-w1280-h1170-image.jpg","133728","ok"
"https://www.callidus-am.de/wp-content/uploads/go-x/u/f2cbd407-ec54-49a1-87be-0979b6b01c09/l90,t0,w1910,h1843/image-768x741.png","source/assets/original/054-wp-content-uploads-go-x-u-f2cbd407-ec54-49a1-87be-0979b6b01c09-l90-t0-w1910-h1843-image-768x741.png","919363","ok"
"https://www.callidus-am.de/wp-content/uploads/go-x/u/147c274e-9268-48a5-85fd-26dde2323851/l89,t31,w1910,h1836/image-768x738.png","source/assets/original/055-wp-content-uploads-go-x-u-147c274e-9268-48a5-85fd-26dde2323851-l89-t31-w1910-h1836-image-768x738.png","883687","ok"
"https://www.callidus-am.de/wp-content/uploads/go-x/u/a1e65bad-ca1c-41da-961b-171af1b5efc0/l62,t49,w1871,h1803/image-768x740.png","source/assets/original/056-wp-content-uploads-go-x-u-a1e65bad-ca1c-41da-961b-171af1b5efc0-l62-t49-w1871-h1803-image-768x740.png","888615","ok"
"https://www.callidus-am.de/wp-content/uploads/go-x/u/1a652eb7-104f-4c14-a645-913be6bd278e/l0,t35,w2000,h1930/image-768x741.png","source/assets/original/057-wp-content-uploads-go-x-u-1a652eb7-104f-4c14-a645-913be6bd278e-l0-t35-w2000-h1930-image-768x741.png","923111","ok"
"https://www.callidus-am.de/wp-content/uploads/go-x/u/84ce8647-0f56-47c9-84dc-8f2c095aa586/l61,t77,w1832,h1760/image-768x738.png","source/assets/original/058-wp-content-uploads-go-x-u-84ce8647-0f56-47c9-84dc-8f2c095aa586-l61-t77-w1832-h1760-image-768x738.png","1315409","ok"
"https://www.callidus-am.de/wp-content/uploads/go-x/u/21260f2f-3dc5-41ab-8095-4ab5dec45e86/l0,t37,w2000,h1926/image-768x740.png","source/assets/original/059-wp-content-uploads-go-x-u-21260f2f-3dc5-41ab-8095-4ab5dec45e86-l0-t37-w2000-h1926-image-768x740.png","1182243","ok"
"https://www.callidus-am.de/wp-content/uploads/go-x/u/a67b5e68-05ee-4aea-9771-4ad43fc843b2/l0,t2,w1024,h936/image.png","source/assets/original/060-wp-content-uploads-go-x-u-a67b5e68-05ee-4aea-9771-4ad43fc843b2-l0-t2-w1024-h936-image.png","1454316","ok"
"https://www.callidus-am.de/wp-content/uploads/go-x/u/96080aad-731e-483e-9204-050950d13c50/l81,t100,w1119,h1080/image-768x741.jpg","source/assets/original/061-wp-content-uploads-go-x-u-96080aad-731e-483e-9204-050950d13c50-l81-t100-w1119-h1080-image-768x741.jpg","51525","ok"
"https://www.callidus-am.de/wp-content/uploads/go-x/u/ccabf08a-87f9-4449-aed7-d4f6321d2f8d/l0,t0,w1280,h1230/image-768x738.jpg","source/assets/original/062-wp-content-uploads-go-x-u-ccabf08a-87f9-4449-aed7-d4f6321d2f8d-l0-t0-w1280-h1230-image-768x738.jpg","67520","ok"
"https://www.callidus-am.de/wp-content/uploads/go-x/u/770a578a-c502-4424-b433-0b0fb5128197/l0,t19,w1024,h986/image-768x740.png","source/assets/original/063-wp-content-uploads-go-x-u-770a578a-c502-4424-b433-0b0fb5128197-l0-t19-w1024-h986-image-768x740.png","595634","ok"
"https://www.callidus-am.de/wp-content/uploads/go-x/u/9db61855-757b-4313-88ee-e740c680fac5/l0,t39,w2000,h1829/image-1366x1249.png","source/assets/original/064-wp-content-uploads-go-x-u-9db61855-757b-4313-88ee-e740c680fac5-l0-t39-w2000-h1829-image-1366x1249.png","2726447","ok"
"https://www.callidus-am.de/wp-content/uploads/go-x/u/7458b4b9-3903-45a3-8db8-4c482ca9a903/l0,t160,w1871,h1805/image-768x741.png","source/assets/original/065-wp-content-uploads-go-x-u-7458b4b9-3903-45a3-8db8-4c482ca9a903-l0-t160-w1871-h1805-image-768x741.png","658338","ok"
"https://www.callidus-am.de/wp-content/uploads/go-x/u/395bac8f-725c-49d6-a1d3-02764dec67bf/l73,t221,w1795,h1725/image-768x738.png","source/assets/original/066-wp-content-uploads-go-x-u-395bac8f-725c-49d6-a1d3-02764dec67bf-l73-t221-w1795-h1725-image-768x738.png","879404","ok"
"https://www.callidus-am.de/wp-content/uploads/go-x/u/5c6c8807-6ca4-46c3-b03b-510efd1eea53/l40,t0,w1871,h1803/image-768x740.png","source/assets/original/067-wp-content-uploads-go-x-u-5c6c8807-6ca4-46c3-b03b-510efd1eea53-l40-t0-w1871-h1803-image-768x740.png","803785","ok"
"https://www.callidus-am.de/wp-content/uploads/go-x/u/56a1ce6e-8af4-4c1c-b591-ebfa303fc6a1/l111,t0,w1889,h1889/image-1366x1366.png","source/assets/original/068-wp-content-uploads-go-x-u-56a1ce6e-8af4-4c1c-b591-ebfa303fc6a1-l111-t0-w1889-h1889-image-1366x1366.png","3251684","ok"
"https://www.callidus-am.de/wp-content/uploads/go-x/u/896f4e20-1072-4ff4-a4de-c6ac16edcf0d/l36,t93,w1871,h1805/image-768x741.png","source/assets/original/069-wp-content-uploads-go-x-u-896f4e20-1072-4ff4-a4de-c6ac16edcf0d-l36-t93-w1871-h1805-image-768x741.png","890661","ok"
"https://www.callidus-am.de/wp-content/uploads/go-x/u/8ae90695-e69f-4791-9cbf-b006c5cf4945/l168,t73,w1832,h1760/image-768x738.png","source/assets/original/070-wp-content-uploads-go-x-u-8ae90695-e69f-4791-9cbf-b006c5cf4945-l168-t73-w1832-h1760-image-768x738.png","1083855","ok"
"https://www.callidus-am.de/wp-content/uploads/go-x/u/6bc7ab6e-314e-4118-ab90-d516a061c659/l65,t98,w1871,h1803/image-768x740.png","source/assets/original/071-wp-content-uploads-go-x-u-6bc7ab6e-314e-4118-ab90-d516a061c659-l65-t98-w1871-h1803-image-768x740.png","939180","ok"
"https://www.callidus-am.de/wp-content/uploads/go-x/u/1be7da4f-86fb-4624-a900-bea905bdeac3/l0,t0,w1024,h1024/image.png","source/assets/original/072-wp-content-uploads-go-x-u-1be7da4f-86fb-4624-a900-bea905bdeac3-l0-t0-w1024-h1024-image.png","1252280","ok"
"https://www.callidus-am.de/wp-content/uploads/go-x/u/15658024-5721-4392-bf2a-ee5225cdee5e/l0,t96,w1280,h1089/image.jpg","source/assets/original/073-wp-content-uploads-go-x-u-15658024-5721-4392-bf2a-ee5225cdee5e-l0-t96-w1280-h1089-image.jpg","117184","ok"
"https://www.callidus-am.de/wp-content/uploads/go-x/u/b076dea2-a190-4db0-bbe8-ae6244b2fe60/l3,t298,w807,h969/image.png","source/assets/original/074-wp-content-uploads-go-x-u-b076dea2-a190-4db0-bbe8-ae6244b2fe60-l3-t298-w807-h969-image.png","1192940","ok"
"https://www.callidus-am.de/wp-content/uploads/go-x/u/bdfcc883-6576-4ab2-951d-c90c6ccf47d3/l214,t214,w596,h596/image.png","source/assets/original/075-wp-content-uploads-go-x-u-bdfcc883-6576-4ab2-951d-c90c6ccf47d3-l214-t214-w596-h596-image.png","502628","ok"
"https://www.callidus-am.de/wp-content/uploads/go-x/u/1f65189c-afa5-443e-8fc6-fec35134ab53/l0,t0,w2000,h2000/image-768x768.png","source/assets/original/076-wp-content-uploads-go-x-u-1f65189c-afa5-443e-8fc6-fec35134ab53-l0-t0-w2000-h2000-image-768x768.png","944218","ok"
"https://www.callidus-am.de/wp-content/uploads/go-x/u/395dd840-07b3-4298-900d-3e85171d8546/l0,t0,w2000,h2000/image-1366x1366.png","source/assets/original/077-wp-content-uploads-go-x-u-395dd840-07b3-4298-900d-3e85171d8546-l0-t0-w2000-h2000-image-1366x1366.png","2511910","ok"
"https://www.callidus-am.de/wp-content/uploads/go-x/u/3bcbb458-b542-43dc-bced-4c112f7a9735/l2,t0,w1880,h1880/image-1366x1366.png","source/assets/original/078-wp-content-uploads-go-x-u-3bcbb458-b542-43dc-bced-4c112f7a9735-l2-t0-w1880-h1880-image-1366x1366.png","2436392","ok"
"https://www.callidus-am.de/wp-content/uploads/go-x/u/f4690add-ad09-464d-aee7-0886977216e2/l0,t0,w2000,h2000/image-1366x1366.png","source/assets/original/079-wp-content-uploads-go-x-u-f4690add-ad09-464d-aee7-0886977216e2-l0-t0-w2000-h2000-image-1366x1366.png","3606162","ok"
"https://www.callidus-am.de/wp-content/uploads/go-x/u/56aa8add-e7b8-449b-8cb0-0226436aac50/l0,t0,w2000,h2000/image-1366x1366.png","source/assets/original/080-wp-content-uploads-go-x-u-56aa8add-e7b8-449b-8cb0-0226436aac50-l0-t0-w2000-h2000-image-1366x1366.png","2455514","ok"
