"url","slug","title","description","imageCount","status"
"https://www.callidus-am.de/","home","callidus A&M: Ihr Kompass für ganzheitliche Gesundheit & Wohlbefinden","Entdecken Sie bei callidus A&M fundiertes Wissen für Körper, Geist & Seele. Finden Sie Ratgeber zu gesunder Ernährung, Sport, Stressabbau & mentaler Stärke.","6","ok"
"https://www.callidus-am.de/10-minuten-morgen-workout/","10-minuten-morgen-workout","10-Minuten Morgen-Workout für mehr Energie | callidus A&M","Keine Zeit für Sport? Starten Sie Ihren Tag mit diesem effektiven 10-Minuten-Workout. Mehr Energie, besserer Fokus und ein fitter Körper – ganz ohne Geräte.","2","ok"
"https://www.callidus-am.de/3-atemtechniken-fur-mehr-energie/","3-atemtechniken-fur-mehr-energie","3 einfache Atemtechniken für Energie & Stressabbau | callidus A&M","Entdecken Sie, wie Sie mit einfachen Atemübungen sofort Stress reduzieren und neue Energie tanken. Lernen Sie 3 Techniken für mehr Ruhe und Klarheit im Alltag.","3","ok"
"https://www.callidus-am.de/ashwagandha/","ashwagandha","Ashwagandha: Wirkung & Anwendung der Schlafbeere bei Stress | callidus A&M","Was ist Ashwagandha und wie wirkt es? Entdecken Sie, wie dieses natürliche Adaptogen aus dem Ayurveda Ihnen helfen kann, Stress abzubauen und besser zu schlafen.","2","ok"
"https://www.callidus-am.de/biologische-verjungung/","biologische-verjungung","Biologische Verjüngung: Wie Sie Ihre Zellen & Haut erneuern | callidus A&M","Mehr als nur Hautpflege. Erfahren Sie, wie Sie durch die richtigen Nährstoffe und Gewohnheiten den Prozess der biologischen Verjüngung von innen heraus unterstützen können.","2","ok"
"https://www.callidus-am.de/bitte-bestaetigen/","bitte-bestaetigen","bitte-bestaetigen","","1","ok"
"https://www.callidus-am.de/blockchain-ihre-gesundheit/","blockchain-ihre-gesundheit","Entdecken Sie, wie Blockchain Ihre Gesundheitsdaten sicherer macht","Blockchain Gesundheitswesen, Patientendaten Sicherheit, E-Health Blockchain, Medikamentenfälschung verhindern, digitale Gesundheitsakte, Smart Contracts Medizin, Gesundheitsdaten teilen, Zukunft der M","2","ok"
"https://www.callidus-am.de/darmgesundheit-mit-akazienfaser/","darmgesundheit-mit-akazienfaser","Darmgesundheit: Akazienfaser & Probiotika für Ihre Balance | callidus A&M","Ein gesunder Darm ist der Schlüssel zu Wohlbefinden. Erfahren Sie, wie lösliche Ballaststoffe wie Akazienfaser als Präbiotika Ihre Darmflora gezielt unterstützen.","2","ok"
"https://www.callidus-am.de/das-diktat-ihrer-gedanken/","das-diktat-ihrer-gedanken","Ihr Mindset entscheidet über Erfolg und Scheitern. Entdecken Sie, wie Sie die Kontrolle über Ihre Ge","Mindset ändern, Gedanken kontrollieren, limitierende Glaubenssätze, mentales Training, Erfolg Mindset, negative Gedanken, Psychologie des Erfolgs, Selbstsabotage, Geist und Seele, callidus A&M Mindset","2","ok"
"https://www.callidus-am.de/das-protokoll-zur-neuro-resilienz/","das-protokoll-zur-neuro-resilienz","Demenz & Depression vorbeugen: Das Protokoll zur Neuro-Resilienz | callidus A&M","Die Vorstellung, die Kontrolle über unseren Geist zu verlieren, gehört zu den größten Ängsten unserer Zeit. Doch die Wissenschaft zeigt immer deutlicher: Wir sind dem nicht hilflos ausgeliefert. Entde","2","ok"
"https://www.callidus-am.de/datenschutz/","datenschutz","Datenschutz","","1","ok"
"https://www.callidus-am.de/der-digitale-detox/","der-digitale-detox","Wie eine bewusste Auszeit Ihrem Gehirn neue Superkräfte verleiht","Digitaler Detox, mentale Klarheit, Gehirn Reset, Konzentration steigern, Kreativität fördern, digitales Wohlbefinden, Handy Auszeit, Stress durch Bildschirmzeit, callidus A&M Geist.","2","ok"
"https://www.callidus-am.de/der-energie-reset/","der-energie-reset","Wie 15 Minuten tägliche Bewegung Ihren Tag revolutionieren","Energie Reset, 15 Minuten Bewegung, tägliche Bewegung, kurze Workouts, Energie im Alltag, Stressabbau Bewegung, Konzentration steigern, schnelle Fitness, callidus A&M Energie.","2","ok"
"https://www.callidus-am.de/der-ganzheitliche-bodybuilding-plan/","der-ganzheitliche-bodybuilding-plan","Der ganzheitliche Trainingsplan für Muskelaufbau | callidus A&M","Mehr als nur Gewichte heben. Entdecken Sie unseren wissenschaftlich fundierten Plan für maximalen Muskelaufbau durch intelligentes Training, gezielte Ernährung und mentale Stärke.","2","ok"
"https://www.callidus-am.de/der-innere-akku/","der-innere-akku","Wie Ernährung und Schlaf Ihre Trainingsleistung steuern","Schlaf Training, Ernährung Sport, Regeneration Sport, Trainingsleistung steigern, Energielevel optimieren, Mikronährstoffe Sport, Sporternährung, Schlafqualität, innerer Akku, callidus A&M Leistung.","2","ok"
"https://www.callidus-am.de/der-schlaf-reset/","der-schlaf-reset","Der SchlBesser schlafen: 5 Abendrituale für einen erholsamen Schlaf | callidus A&Maf-Reset","Können Sie nicht einschlafen oder wachen oft auf? Entdecken Sie 5 einfache Abendrituale, die Ihnen helfen, zur Ruhe zu kommen und Ihre Schlafqualität zu verbessern.","2","ok"
"https://www.callidus-am.de/der-unsichtbare-teller/","der-unsichtbare-teller","Entdecken Sie den ""unsichtbaren Teller"": Es geht nicht nur darum, WAS Sie essen, sondern WIE. Verste","Achtsames Essen, intuitives Essen, Essgewohnheiten, Verdauung verbessern, Mindset Ernährung, Stress und Essen, ganzheitliche Ernährung, Nährstoffaufnahme, Essen und Wohlbefinden, callidus A&M Ernährun","2","ok"
"https://www.callidus-am.de/die-biologische-uhr-verlangsamen/","die-biologische-uhr-verlangsamen","Gesundes Altern: Wie wir die biologische Uhr verlangsamen können | callidus A&M","Ist Altern eine Krankheit? Entdecken Sie die Wissenschaft der Langlebigkeit (Longevity) und erfahren Sie, wie Ansätze wie Senolytika und NAD+ den Alterungsprozess verlangsamen.","2","ok"
"https://www.callidus-am.de/die-kraft-der-dankbarkeit/","die-kraft-der-dankbarkeit","Wie ein einfaches ""Danke"" Ihr emotionales Wohlbefinden stärkt","Dankbarkeit, emotionales Wohlbefinden, Dankbarkeit stärken, Glück durch Dankbarkeit, Resilienz, mentale Gesundheit, positive Psychologie, Dankbarkeitsübungen, innere Zufriedenheit, callidus A&M Seele.","2","ok"
"https://www.callidus-am.de/die-kraft-des-magnesiums/","die-kraft-des-magnesiums","Die Kraft des Magnesiums: Wichtig für Muskeln & Nerven | callidus A&M","Müde, verspannt oder unruhig? Erfahren Sie, warum ein Magnesiummangel die Ursache sein könnte und wie Sie Ihre Speicher mit den richtigen Lebensmitteln auffüllen.","2","ok"
"https://www.callidus-am.de/die-kunst-des-mentalen-resets/","die-kunst-des-mentalen-resets","Ihr Kopf ist voll? Entdecken Sie 5 einfache, 5-minütige Übungen","Mentaler Reset, Kopf frei bekommen, Stressabbau 5 Minuten, schnelle Entspannung, Achtsamkeitsübungen, Atemübungen Stress, mentale Klarheit, innere Ruhe, callidus A&M Gehirn.","2","ok"
"https://www.callidus-am.de/die-personalisierte-revolution/","die-personalisierte-revolution","Personalisierte Gesundheit: Wie Gen-Analyse & KI die Medizin revolutionieren | callidus A&M","Die Zukunft ist persönlich. Erfahren Sie, wie DNA-basierte Ernährung (Nutrigenomik) und KI-Analysen die Gesundheitsvorsorge für immer verändern werden.","2","ok"
"https://www.callidus-am.de/digitale-alchemie/","digitale-alchemie","Digitale Alchemie: Wie Neuro-Tech unsere Emotionen steuert | callidus A&M","Die Zukunft ist fühlbar. Erfahren Sie, wie tragbare Neuro-Technologie und digitale Therapeutika uns ermöglichen, Stress, Fokus und Kreativität in Echtzeit zu steuern.","2","ok"
"https://www.callidus-am.de/download/","download","Download Vitamin Kompensium","","2","ok"
"https://www.callidus-am.de/gehen-als-training/","gehen-als-training","Gehen als Training: Warum Spazierengehen so effektiv ist | callidus A&M","Entdecken Sie die überraschenden gesundheitlichen Vorteile des Gehens. Warum ein täglicher Spaziergang Gelenke schont, Stress abbaut und Ihnen beim Abnehmen helfen kann.","2","ok"
"https://www.callidus-am.de/gesundheit-im-familien-alltag/","gesundheit-im-familien-alltag","Gesund leben mit Familie & Job: Der Full-Time-Job Gesundheit meistern | callidus A&M","3 Stunden Sport, veganes Kochen für alle, Kinder und ein Job: Ist ein gesundes Leben im Alltag nur ein Wunschtraum? Wir zeigen, wie Sie Prioritäten setzen und gewinnen.","2","ok"
"https://www.callidus-am.de/ihr-digitaler-gesundheits-butler/","ihr-digitaler-gesundheits-butler","Der digitale Gesundheits-Butler: Wie KI & Roboter uns begleiten | callidus A&M","Die Zukunft der Gesundheit ist persönlich und immer verfügbar. Erfahren Sie, wie KI als Ihr digitaler Butler und empathischer Coach Ihr Wohlbefinden revolutionieren wird.","2","ok"
"https://www.callidus-am.de/impressum/","impressum","Impressum","","1","ok"
"https://www.callidus-am.de/jenseits-der-pille/","jenseits-der-pille","Die Zukunft der Medizin: Jenseits der Pille | callidus A&M","Von smarten Implantaten, die Werte in Echtzeit messen, bis hin zu 3D-gedruckten Organen. Entdecken Sie die revolutionären Behandlungsmethoden der Zukunft.","2","ok"
"https://www.callidus-am.de/kurs-mitgliederbereich/","kurs-mitgliederbereich","kurs-mitgliederbereich","","3","ok"
"https://www.callidus-am.de/lexicon-vitae/","lexicon-vitae","Glossarium callidus A&M","","2","ok"
"https://www.callidus-am.de/metformin-vs-spermidin/","metformin-vs-spermidin","Metformin & Spermidin: Die Wissenschaft hinter dem langen Leben | callidus A&M","Ein Medikament und ein Naturstoff im Fokus der Anti-Aging-Forschung. Entdecken Sie, wie Metformin und Spermidin unsere zelluläre Langlebigkeit beeinflussen könnten.","2","ok"
"https://www.callidus-am.de/modul-4/","modul-4","Modul 4","","1","ok"
"https://www.callidus-am.de/modul-5/","modul-5","Modul 5","","1","ok"
"https://www.callidus-am.de/nachhaltigkeit/","nachhaltigkeit","Nachhaltigkeit","","2","ok"
"https://www.callidus-am.de/nachhaltigkeit-text/","nachhaltigkeit-text","Nachhaltigkeit text","","2","ok"
"https://www.callidus-am.de/nexus-app/","nexus-app","NEXUS App | KI-Ernährungstracker & Fitness-Coach in einem","Tracke deine Ernährung per Foto-KI, synchronisiere Google Fit & Apple Health und erhalte personalisierte Trainingspläne. Jetzt die NEXUS App entdecken!","2","ok"
"https://www.callidus-am.de/nutzungsbedingungen/","nutzungsbedingungen","Nutzungsbedingungen","","1","ok"
"https://www.callidus-am.de/protein-wissen-fur-kraftaufbau/","protein-wissen-fur-kraftaufbau","Pflanzliches Protein: Wie Sie effektiv Kraft aufbauen | callidus A&M","Entdecken Sie die Kraft von pflanzlichem Protein. Erfahren Sie, warum Proteine für Muskelaufbau und Energie entscheidend sind und welche veganen Quellen am besten sind.","2","ok"
"https://www.callidus-am.de/ratgeber/","ratgeber","Ratgeber für ganzheitliche Gesundheit | callidus A&M","Entdecken Sie fundiertes Wissen rund um Naturheilkunde, Ernährung und mentales Wohlbefinden. Unser Ratgeber bietet Ihnen praktische Tipps und Experten-Einblicke.","6","ok"
"https://www.callidus-am.de/ratgeber/geist-and-seele/","ratgeber-geist-and-seele","Mentale Balance & Stressabbau: Tipps für die Seele | callidus A&M","Finden Sie innere Ruhe. Unser Ratgeber für Geist & Seele bietet Techniken zur Stressbewältigung, Achtsamkeit und für mehr mentale Stärke im Alltag.","9","ok"
"https://www.callidus-am.de/ratgeber/korper-and-ernahrung/","ratgeber-korper-and-ernahrung","Gesunde Ernährung & Nährstoffe für den Körper | callidus A&M","Erfahren Sie alles über eine gesunde Ernährung. Von Vitaminen und Mineralstoffen bis zur Darmgesundheit – hier finden Sie fundiertes Wissen für Ihren Körper.","8","ok"
"https://www.callidus-am.de/ratgeber/sport-and-energie/","ratgeber-sport-and-energie","Fitness, Bewegung & neue Energie: Ihr Sport-Ratgeber | callidus A&M","Tanken Sie neue Energie! Entdecken Sie effektive Workouts, Tipps für mehr Motivation und wie Sie durch gezielte Bewegung Ihre Fitness und Vitalität steigern.","9","ok"
"https://www.callidus-am.de/ratgeber/zukunft-der-gesundheit/","ratgeber-zukunft-der-gesundheit","Zukunft der Gesundheit: KI, Gen-Analyse & Langlebigkeit | callidus A&M","Ein Blick in die Zukunft: Entdecken Sie, wie KI, personalisierte Medizin und Biohacking unsere Gesundheit revolutionieren werden. Fundierte Einblicke und Analysen.","9","ok"
"https://www.callidus-am.de/reset-hub/","reset-hub","","","2","ok"
"https://www.callidus-am.de/sport-als-stress-killer/","sport-als-stress-killer","Wie Bewegung Ihr Gehirn aufräumt und neue Energie freisetzt","Sport Stress Killer, Bewegung Stressabbau, mentale Gesundheit Sport, Energie durch Sport, Stressmanagement Bewegung, Gehirn aufräumen Sport, natürliche Stresshilfe, Wohlbefinden durch Bewegung, callid","2","ok"
"https://www.callidus-am.de/stress-reset-kurs/","stress-reset-kurs","Stress Reset Kurs","","2","ok"
"https://www.callidus-am.de/uber-uns/","uber-uns","Über uns: Unsere Philosophie & Expertise | callidus A&M","Erfahren Sie die Geschichte hinter callidus A&M. Entdecken Sie, wie langjährige Erfahrung in der Naturheilkunde unsere Mission für ganzheitliche Gesundheit prägt.","2","ok"
"https://www.callidus-am.de/unsere-empfehlungen/","unsere-empfehlungen","Geprüfte Produkte für Körper, Geist & Seele | callidus A&M Empfehlungen","Entdecken Sie unsere handverlesene Auswahl an empfohlenen Produkten & Kursen. Finden Sie das Beste für Ernährung, mentales Wohlbefinden und Fitness. Ihre Quelle für vertrauenswürdige Gesundheit.","2","ok"
"https://www.callidus-am.de/unsere-empfehlungen/geist-and-seele-1/","unsere-empfehlungen-geist-and-seele-1","Geprüfte Produkte für Körper, Geist & Seele | callidus A&M Empfehlungen","Finden Sie innere Ruhe und Balance. Entdecken Sie unsere Empfehlungen für besseren Schlaf, Stressabbau, Meditation und mentales Wohlbefinden.","1","ok"
"https://www.callidus-am.de/unsere-empfehlungen/korper-and-ernahrung/","unsere-empfehlungen-korper-and-ernahrung","Produkte für Körper & Ernährung: Unsere Empfehlungen | callidus A&M","Entdecken Sie unsere geprüften Empfehlungen für Ihre körperliche Gesundheit. Finden Sie die besten Produkte für Nährstoffe, Vitamine und Darmgesundheit.","1","ok"
"https://www.callidus-am.de/unsere-empfehlungen/sport-and-energie/","unsere-empfehlungen-sport-and-energie","Produkte für Sport & Energie: Unsere Empfehlungen | callidus A&M","Steigern Sie Ihre Leistung und Regeneration. Hier finden Sie unsere Top-Empfehlungen für Fitness, Muskelaufbau und mehr Energie im Alltag.","1","ok"
"https://www.callidus-am.de/unsere-empfehlungen/zukunft-der-gesundheit/","unsere-empfehlungen-zukunft-der-gesundheit","Produkte für Zukunft der Gesundheit: Unsere Empfehlungen | callidus A&M","Entdecken Sie unsere geprüften Empfehlungen für Produkte der Gesundheit, die Sie in die Zukunft bringen.","1","ok"
"https://www.callidus-am.de/vitamin-a-wachter-der-sehkraft/","vitamin-a-wachter-der-sehkraft","Vitamin A: Wächter der Sehkraft & des Immunsystems | callidus A&M","Entdecken Sie, warum Vitamin A für Ihre Augen und Ihr Immunsystem so wichtig ist. Erfahren Sie alles über die besten Quellen und die Anzeichen eines Mangels.","2","ok"
"https://www.callidus-am.de/vitamin-c-mythen/","vitamin-c-mythen","Vitamin C Mythen: Was der Immun-Booster wirklich kann | callidus A&M","Schützt Vitamin C wirklich vor Erkältungen? Klären Sie die größten Mythen auf und erfahren Sie, was Vitamin C für Ihr Immunsystem & Ihre Haut tatsächlich leistet.","2","ok"
"https://www.callidus-am.de/vitamin-d-das-sonnenhormon/","vitamin-d-das-sonnenhormon","Vitamin D: Das Sonnenhormon für Knochen & Immunsystem | callidus A&M","Erfahren Sie, warum Vitamin D so wichtig ist und wieso viele Menschen in Deutschland im Winter unterversorgt sind. Alles zu Funktion, Quellen und Mangel.","2","ok"
"https://www.callidus-am.de/vitamin-e-der-zellschutzer/","vitamin-e-der-zellschutzer","Vitamin E: Der Meister-Antioxidans für den Zellschutz | callidus A&M","Erfahren Sie, wie Vitamin E als starkes Antioxidans Ihre Zellen vor oxidativem Stress schützt. Entdecken Sie die besten Quellen wie Nüsse, Samen und Öle.","2","ok"
